role,username,password,display_name
student,test0001,test0001,test0001
student,test0002,test0002,test0002
student,test0003,test0003,test0003
student,test0004,test0004,test0004
student,test0005,test0005,test0005
student,test0006,test0006,test0006
student,test0007,test0007,test0007
student,test0008,test0008,test0008
student,test0009,test0009,test0009
student,test0010,test0010,test0010
student,test0011,test0011,test0011
student,test0012,test0012,test0012
student,test0013,test0013,test0013
student,test0014,test0014,test0014
student,test0015,test0015,test0015
student,test0016,test0016,test0016
student,test0017,test0017,test0017
student,test0018,test0018,test0018
student,test0019,test0019,test0019
student,test0020,test0020,test0020
student,test0021,test0021,test0021
student,test0022,test0022,test0022
student,test0023,test0023,test0023
student,test0024,test0024,test0024
student,test0025,test0025,test0025
student,test0026,test0026,test0026
student,test0027,test0027,test0027
student,test0028,test0028,test0028
student,test0029,test0029,test0029
student,test0030,test0030,test0030
student,test0031,test0031,test0031
student,test0032,test0032,test0032
student,test0033,test0033,test0033
student,test0034,test0034,test0034
student,test0035,test0035,test0035
student,test0036,test0036,test0036
student,test0037,test0037,test0037
student,test0038,test0038,test0038
student,test0039,test0039,test0039
student,test0040,test0040,test0040
student,test0041,test0041,test0041
student,test0042,test0042,test0042
student,test0043,test0043,test0043
student,test0044,test0044,test0044
student,test0045,test0045,test0045
student,test0046,test0046,test0046
student,test0047,test0047,test0047
student,test0048,test0048,test0048
student,test0049,test0049,test0049
student,test0050,test0050,test0050
student,test0051,test0051,test0051
student,test0052,test0052,test0052
student,test0053,test0053,test0053
student,test0054,test0054,test0054
student,test0055,test0055,test0055
student,test0056,test0056,test0056
student,test0057,test0057,test0057
student,test0058,test0058,test0058
student,test0059,test0059,test0059
student,test0060,test0060,test0060
student,test0061,test0061,test0061
student,test0062,test0062,test0062
student,test0063,test0063,test0063
student,test0064,test0064,test0064
student,test0065,test0065,test0065
student,test0066,test0066,test0066
student,test0067,test0067,test0067
student,test0068,test0068,test0068
student,test0069,test0069,test0069
student,test0070,test0070,test0070
student,test0071,test0071,test0071
student,test0072,test0072,test0072
student,test0073,test0073,test0073
student,test0074,test0074,test0074
student,test0075,test0075,test0075
student,test0076,test0076,test0076
student,test0077,test0077,test0077
student,test0078,test0078,test0078
student,test0079,test0079,test0079
student,test0080,test0080,test0080
student,test0081,test0081,test0081
student,test0082,test0082,test0082
student,test0083,test0083,test0083
student,test0084,test0084,test0084
student,test0085,test0085,test0085
student,test0086,test0086,test0086
student,test0087,test0087,test0087
student,test0088,test0088,test0088
student,test0089,test0089,test0089
student,test0090,test0090,test0090
student,test0091,test0091,test0091
student,test0092,test0092,test0092
student,test0093,test0093,test0093
student,test0094,test0094,test0094
student,test0095,test0095,test0095
student,test0096,test0096,test0096
student,test0097,test0097,test0097
student,test0098,test0098,test0098
student,test0099,test0099,test0099
student,test0100,test0100,test0100
student,test0101,test0101,test0101
student,test0102,test0102,test0102
student,test0103,test0103,test0103
student,test0104,test0104,test0104
student,test0105,test0105,test0105
student,test0106,test0106,test0106
student,test0107,test0107,test0107
student,test0108,test0108,test0108
student,test0109,test0109,test0109
student,test0110,test0110,test0110
student,test0111,test0111,test0111
student,test0112,test0112,test0112
student,test0113,test0113,test0113
student,test0114,test0114,test0114
student,test0115,test0115,test0115
student,test0116,test0116,test0116
student,test0117,test0117,test0117
student,test0118,test0118,test0118
student,test0119,test0119,test0119
student,test0120,test0120,test0120
student,test0121,test0121,test0121
student,test0122,test0122,test0122
student,test0123,test0123,test0123
student,test0124,test0124,test0124
student,test0125,test0125,test0125
student,test0126,test0126,test0126
student,test0127,test0127,test0127
student,test0128,test0128,test0128
student,test0129,test0129,test0129
student,test0130,test0130,test0130
student,test0131,test0131,test0131
student,test0132,test0132,test0132
student,test0133,test0133,test0133
student,test0134,test0134,test0134
student,test0135,test0135,test0135
student,test0136,test0136,test0136
student,test0137,test0137,test0137
student,test0138,test0138,test0138
student,test0139,test0139,test0139
student,test0140,test0140,test0140
student,test0141,test0141,test0141
student,test0142,test0142,test0142
student,test0143,test0143,test0143
student,test0144,test0144,test0144
student,test0145,test0145,test0145
student,test0146,test0146,test0146
student,test0147,test0147,test0147
student,test0148,test0148,test0148
student,test0149,test0149,test0149
student,test0150,test0150,test0150
student,test0151,test0151,test0151
student,test0152,test0152,test0152
student,test0153,test0153,test0153
student,test0154,test0154,test0154
student,test0155,test0155,test0155
student,test0156,test0156,test0156
student,test0157,test0157,test0157
student,test0158,test0158,test0158
student,test0159,test0159,test0159
student,test0160,test0160,test0160
student,test0161,test0161,test0161
student,test0162,test0162,test0162
student,test0163,test0163,test0163
student,test0164,test0164,test0164
student,test0165,test0165,test0165
student,test0166,test0166,test0166
student,test0167,test0167,test0167
student,test0168,test0168,test0168
student,test0169,test0169,test0169
student,test0170,test0170,test0170
student,test0171,test0171,test0171
student,test0172,test0172,test0172
student,test0173,test0173,test0173
student,test0174,test0174,test0174
student,test0175,test0175,test0175
student,test0176,test0176,test0176
student,test0177,test0177,test0177
student,test0178,test0178,test0178
student,test0179,test0179,test0179
student,test0180,test0180,test0180
student,test0181,test0181,test0181
student,test0182,test0182,test0182
student,test0183,test0183,test0183
student,test0184,test0184,test0184
student,test0185,test0185,test0185
student,test0186,test0186,test0186
student,test0187,test0187,test0187
student,test0188,test0188,test0188
student,test0189,test0189,test0189
student,test0190,test0190,test0190
student,test0191,test0191,test0191
student,test0192,test0192,test0192
student,test0193,test0193,test0193
student,test0194,test0194,test0194
student,test0195,test0195,test0195
student,test0196,test0196,test0196
student,test0197,test0197,test0197
student,test0198,test0198,test0198
student,test0199,test0199,test0199
student,test0200,test0200,test0200
student,test0201,test0201,test0201
student,test0202,test0202,test0202
student,test0203,test0203,test0203
student,test0204,test0204,test0204
student,test0205,test0205,test0205
student,test0206,test0206,test0206
student,test0207,test0207,test0207
student,test0208,test0208,test0208
student,test0209,test0209,test0209
student,test0210,test0210,test0210
student,test0211,test0211,test0211
student,test0212,test0212,test0212
student,test0213,test0213,test0213
student,test0214,test0214,test0214
student,test0215,test0215,test0215
student,test0216,test0216,test0216
student,test0217,test0217,test0217
student,test0218,test0218,test0218
student,test0219,test0219,test0219
student,test0220,test0220,test0220
student,test0221,test0221,test0221
student,test0222,test0222,test0222
student,test0223,test0223,test0223
student,test0224,test0224,test0224
student,test0225,test0225,test0225
student,test0226,test0226,test0226
student,test0227,test0227,test0227
student,test0228,test0228,test0228
student,test0229,test0229,test0229
student,test0230,test0230,test0230
student,test0231,test0231,test0231
student,test0232,test0232,test0232
student,test0233,test0233,test0233
student,test0234,test0234,test0234
student,test0235,test0235,test0235
student,test0236,test0236,test0236
student,test0237,test0237,test0237
student,test0238,test0238,test0238
student,test0239,test0239,test0239
student,test0240,test0240,test0240
student,test0241,test0241,test0241
student,test0242,test0242,test0242
student,test0243,test0243,test0243
student,test0244,test0244,test0244
student,test0245,test0245,test0245
student,test0246,test0246,test0246
student,test0247,test0247,test0247
student,test0248,test0248,test0248
student,test0249,test0249,test0249
student,test0250,test0250,test0250
student,test0251,test0251,test0251
student,test0252,test0252,test0252
student,test0253,test0253,test0253
student,test0254,test0254,test0254
student,test0255,test0255,test0255
student,test0256,test0256,test0256
student,test0257,test0257,test0257
student,test0258,test0258,test0258
student,test0259,test0259,test0259
student,test0260,test0260,test0260
student,test0261,test0261,test0261
student,test0262,test0262,test0262
student,test0263,test0263,test0263
student,test0264,test0264,test0264
student,test0265,test0265,test0265
student,test0266,test0266,test0266
student,test0267,test0267,test0267
student,test0268,test0268,test0268
student,test0269,test0269,test0269
student,test0270,test0270,test0270
student,test0271,test0271,test0271
student,test0272,test0272,test0272
student,test0273,test0273,test0273
student,test0274,test0274,test0274
student,test0275,test0275,test0275
student,test0276,test0276,test0276
student,test0277,test0277,test0277
student,test0278,test0278,test0278
student,test0279,test0279,test0279
student,test0280,test0280,test0280
student,test0281,test0281,test0281
student,test0282,test0282,test0282
student,test0283,test0283,test0283
student,test0284,test0284,test0284
student,test0285,test0285,test0285
student,test0286,test0286,test0286
student,test0287,test0287,test0287
student,test0288,test0288,test0288
student,test0289,test0289,test0289
student,test0290,test0290,test0290
student,test0291,test0291,test0291
student,test0292,test0292,test0292
student,test0293,test0293,test0293
student,test0294,test0294,test0294
student,test0295,test0295,test0295
student,test0296,test0296,test0296
student,test0297,test0297,test0297
student,test0298,test0298,test0298
student,test0299,test0299,test0299
student,test0300,test0300,test0300
student,test0301,test0301,test0301
student,test0302,test0302,test0302
student,test0303,test0303,test0303
student,test0304,test0304,test0304
student,test0305,test0305,test0305
student,test0306,test0306,test0306
student,test0307,test0307,test0307
student,test0308,test0308,test0308
student,test0309,test0309,test0309
student,test0310,test0310,test0310
student,test0311,test0311,test0311
student,test0312,test0312,test0312
student,test0313,test0313,test0313
student,test0314,test0314,test0314
student,test0315,test0315,test0315
student,test0316,test0316,test0316
student,test0317,test0317,test0317
student,test0318,test0318,test0318
student,test0319,test0319,test0319
student,test0320,test0320,test0320
student,test0321,test0321,test0321
student,test0322,test0322,test0322
student,test0323,test0323,test0323
student,test0324,test0324,test0324
student,test0325,test0325,test0325
student,test0326,test0326,test0326
student,test0327,test0327,test0327
student,test0328,test0328,test0328
student,test0329,test0329,test0329
student,test0330,test0330,test0330
student,test0331,test0331,test0331
student,test0332,test0332,test0332
student,test0333,test0333,test0333
student,test0334,test0334,test0334
student,test0335,test0335,test0335
student,test0336,test0336,test0336
student,test0337,test0337,test0337
student,test0338,test0338,test0338
student,test0339,test0339,test0339
student,test0340,test0340,test0340
student,test0341,test0341,test0341
student,test0342,test0342,test0342
student,test0343,test0343,test0343
student,test0344,test0344,test0344
student,test0345,test0345,test0345
student,test0346,test0346,test0346
student,test0347,test0347,test0347
student,test0348,test0348,test0348
student,test0349,test0349,test0349
student,test0350,test0350,test0350
student,test0351,test0351,test0351
student,test0352,test0352,test0352
student,test0353,test0353,test0353
student,test0354,test0354,test0354
student,test0355,test0355,test0355
student,test0356,test0356,test0356
student,test0357,test0357,test0357
student,test0358,test0358,test0358
student,test0359,test0359,test0359
student,test0360,test0360,test0360
student,test0361,test0361,test0361
student,test0362,test0362,test0362
student,test0363,test0363,test0363
student,test0364,test0364,test0364
student,test0365,test0365,test0365
student,test0366,test0366,test0366
student,test0367,test0367,test0367
student,test0368,test0368,test0368
student,test0369,test0369,test0369
student,test0370,test0370,test0370
student,test0371,test0371,test0371
student,test0372,test0372,test0372
student,test0373,test0373,test0373
student,test0374,test0374,test0374
student,test0375,test0375,test0375
student,test0376,test0376,test0376
student,test0377,test0377,test0377
student,test0378,test0378,test0378
student,test0379,test0379,test0379
student,test0380,test0380,test0380
student,test0381,test0381,test0381
student,test0382,test0382,test0382
student,test0383,test0383,test0383
student,test0384,test0384,test0384
student,test0385,test0385,test0385
student,test0386,test0386,test0386
student,test0387,test0387,test0387
student,test0388,test0388,test0388
student,test0389,test0389,test0389
student,test0390,test0390,test0390
student,test0391,test0391,test0391
student,test0392,test0392,test0392
student,test0393,test0393,test0393
student,test0394,test0394,test0394
student,test0395,test0395,test0395
student,test0396,test0396,test0396
student,test0397,test0397,test0397
student,test0398,test0398,test0398
student,test0399,test0399,test0399
student,test0400,test0400,test0400
student,test0401,test0401,test0401
student,test0402,test0402,test0402
student,test0403,test0403,test0403
student,test0404,test0404,test0404
student,test0405,test0405,test0405
student,test0406,test0406,test0406
student,test0407,test0407,test0407
student,test0408,test0408,test0408
student,test0409,test0409,test0409
student,test0410,test0410,test0410
student,test0411,test0411,test0411
student,test0412,test0412,test0412
student,test0413,test0413,test0413
student,test0414,test0414,test0414
student,test0415,test0415,test0415
student,test0416,test0416,test0416
student,test0417,test0417,test0417
student,test0418,test0418,test0418
student,test0419,test0419,test0419
student,test0420,test0420,test0420
student,test0421,test0421,test0421
student,test0422,test0422,test0422
student,test0423,test0423,test0423
student,test0424,test0424,test0424
student,test0425,test0425,test0425
student,test0426,test0426,test0426
student,test0427,test0427,test0427
student,test0428,test0428,test0428
student,test0429,test0429,test0429
student,test0430,test0430,test0430
student,test0431,test0431,test0431
student,test0432,test0432,test0432
student,test0433,test0433,test0433
student,test0434,test0434,test0434
student,test0435,test0435,test0435
student,test0436,test0436,test0436
student,test0437,test0437,test0437
student,test0438,test0438,test0438
student,test0439,test0439,test0439
student,test0440,test0440,test0440
student,test0441,test0441,test0441
student,test0442,test0442,test0442
student,test0443,test0443,test0443
student,test0444,test0444,test0444
student,test0445,test0445,test0445
student,test0446,test0446,test0446
student,test0447,test0447,test0447
student,test0448,test0448,test0448
student,test0449,test0449,test0449
student,test0450,test0450,test0450
student,test0451,test0451,test0451
student,test0452,test0452,test0452
student,test0453,test0453,test0453
student,test0454,test0454,test0454
student,test0455,test0455,test0455
student,test0456,test0456,test0456
student,test0457,test0457,test0457
student,test0458,test0458,test0458
student,test0459,test0459,test0459
student,test0460,test0460,test0460
student,test0461,test0461,test0461
student,test0462,test0462,test0462
student,test0463,test0463,test0463
student,test0464,test0464,test0464
student,test0465,test0465,test0465
student,test0466,test0466,test0466
student,test0467,test0467,test0467
student,test0468,test0468,test0468
student,test0469,test0469,test0469
student,test0470,test0470,test0470
student,test0471,test0471,test0471
student,test0472,test0472,test0472
student,test0473,test0473,test0473
student,test0474,test0474,test0474
student,test0475,test0475,test0475
student,test0476,test0476,test0476
student,test0477,test0477,test0477
student,test0478,test0478,test0478
student,test0479,test0479,test0479
student,test0480,test0480,test0480
student,test0481,test0481,test0481
student,test0482,test0482,test0482
student,test0483,test0483,test0483
student,test0484,test0484,test0484
student,test0485,test0485,test0485
student,test0486,test0486,test0486
student,test0487,test0487,test0487
student,test0488,test0488,test0488
student,test0489,test0489,test0489
student,test0490,test0490,test0490
student,test0491,test0491,test0491
student,test0492,test0492,test0492
student,test0493,test0493,test0493
student,test0494,test0494,test0494
student,test0495,test0495,test0495
student,test0496,test0496,test0496
student,test0497,test0497,test0497
student,test0498,test0498,test0498
student,test0499,test0499,test0499
student,test0500,test0500,test0500
student,test0501,test0501,test0501
student,test0502,test0502,test0502
student,test0503,test0503,test0503
student,test0504,test0504,test0504
student,test0505,test0505,test0505
student,test0506,test0506,test0506
student,test0507,test0507,test0507
student,test0508,test0508,test0508
student,test0509,test0509,test0509
student,test0510,test0510,test0510
student,test0511,test0511,test0511
student,test0512,test0512,test0512
student,test0513,test0513,test0513
student,test0514,test0514,test0514
student,test0515,test0515,test0515
student,test0516,test0516,test0516
student,test0517,test0517,test0517
student,test0518,test0518,test0518
student,test0519,test0519,test0519
student,test0520,test0520,test0520
student,test0521,test0521,test0521
student,test0522,test0522,test0522
student,test0523,test0523,test0523
student,test0524,test0524,test0524
student,test0525,test0525,test0525
student,test0526,test0526,test0526
student,test0527,test0527,test0527
student,test0528,test0528,test0528
student,test0529,test0529,test0529
student,test0530,test0530,test0530
student,test0531,test0531,test0531
student,test0532,test0532,test0532
student,test0533,test0533,test0533
student,test0534,test0534,test0534
student,test0535,test0535,test0535
student,test0536,test0536,test0536
student,test0537,test0537,test0537
student,test0538,test0538,test0538
student,test0539,test0539,test0539
student,test0540,test0540,test0540
student,test0541,test0541,test0541
student,test0542,test0542,test0542
student,test0543,test0543,test0543
student,test0544,test0544,test0544
student,test0545,test0545,test0545
student,test0546,test0546,test0546
student,test0547,test0547,test0547
student,test0548,test0548,test0548
student,test0549,test0549,test0549
student,test0550,test0550,test0550
student,test0551,test0551,test0551
student,test0552,test0552,test0552
student,test0553,test0553,test0553
student,test0554,test0554,test0554
student,test0555,test0555,test0555
student,test0556,test0556,test0556
student,test0557,test0557,test0557
student,test0558,test0558,test0558
student,test0559,test0559,test0559
student,test0560,test0560,test0560
student,test0561,test0561,test0561
student,test0562,test0562,test0562
student,test0563,test0563,test0563
student,test0564,test0564,test0564
student,test0565,test0565,test0565
student,test0566,test0566,test0566
student,test0567,test0567,test0567
student,test0568,test0568,test0568
student,test0569,test0569,test0569
student,test0570,test0570,test0570
student,test0571,test0571,test0571
student,test0572,test0572,test0572
student,test0573,test0573,test0573
student,test0574,test0574,test0574
student,test0575,test0575,test0575
student,test0576,test0576,test0576
student,test0577,test0577,test0577
student,test0578,test0578,test0578
student,test0579,test0579,test0579
student,test0580,test0580,test0580
student,test0581,test0581,test0581
student,test0582,test0582,test0582
student,test0583,test0583,test0583
student,test0584,test0584,test0584
student,test0585,test0585,test0585
student,test0586,test0586,test0586
student,test0587,test0587,test0587
student,test0588,test0588,test0588
student,test0589,test0589,test0589
student,test0590,test0590,test0590
student,test0591,test0591,test0591
student,test0592,test0592,test0592
student,test0593,test0593,test0593
student,test0594,test0594,test0594
student,test0595,test0595,test0595
student,test0596,test0596,test0596
student,test0597,test0597,test0597
student,test0598,test0598,test0598
student,test0599,test0599,test0599
student,test0600,test0600,test0600
student,test0601,test0601,test0601
student,test0602,test0602,test0602
student,test0603,test0603,test0603
student,test0604,test0604,test0604
student,test0605,test0605,test0605
student,test0606,test0606,test0606
student,test0607,test0607,test0607
student,test0608,test0608,test0608
student,test0609,test0609,test0609
student,test0610,test0610,test0610
student,test0611,test0611,test0611
student,test0612,test0612,test0612
student,test0613,test0613,test0613
student,test0614,test0614,test0614
student,test0615,test0615,test0615
student,test0616,test0616,test0616
student,test0617,test0617,test0617
student,test0618,test0618,test0618
student,test0619,test0619,test0619
student,test0620,test0620,test0620
student,test0621,test0621,test0621
student,test0622,test0622,test0622
student,test0623,test0623,test0623
student,test0624,test0624,test0624
student,test0625,test0625,test0625
student,test0626,test0626,test0626
student,test0627,test0627,test0627
student,test0628,test0628,test0628
student,test0629,test0629,test0629
student,test0630,test0630,test0630
student,test0631,test0631,test0631
student,test0632,test0632,test0632
student,test0633,test0633,test0633
student,test0634,test0634,test0634
student,test0635,test0635,test0635
student,test0636,test0636,test0636
student,test0637,test0637,test0637
student,test0638,test0638,test0638
student,test0639,test0639,test0639
student,test0640,test0640,test0640
student,test0641,test0641,test0641
student,test0642,test0642,test0642
student,test0643,test0643,test0643
student,test0644,test0644,test0644
student,test0645,test0645,test0645
student,test0646,test0646,test0646
student,test0647,test0647,test0647
student,test0648,test0648,test0648
student,test0649,test0649,test0649
student,test0650,test0650,test0650
student,test0651,test0651,test0651
student,test0652,test0652,test0652
student,test0653,test0653,test0653
student,test0654,test0654,test0654
student,test0655,test0655,test0655
student,test0656,test0656,test0656
student,test0657,test0657,test0657
student,test0658,test0658,test0658
student,test0659,test0659,test0659
student,test0660,test0660,test0660
student,test0661,test0661,test0661
student,test0662,test0662,test0662
student,test0663,test0663,test0663
student,test0664,test0664,test0664
student,test0665,test0665,test0665
student,test0666,test0666,test0666
student,test0667,test0667,test0667
student,test0668,test0668,test0668
student,test0669,test0669,test0669
student,test0670,test0670,test0670
student,test0671,test0671,test0671
student,test0672,test0672,test0672
student,test0673,test0673,test0673
student,test0674,test0674,test0674
student,test0675,test0675,test0675
student,test0676,test0676,test0676
student,test0677,test0677,test0677
student,test0678,test0678,test0678
student,test0679,test0679,test0679
student,test0680,test0680,test0680
student,test0681,test0681,test0681
student,test0682,test0682,test0682
student,test0683,test0683,test0683
student,test0684,test0684,test0684
student,test0685,test0685,test0685
student,test0686,test0686,test0686
student,test0687,test0687,test0687
student,test0688,test0688,test0688
student,test0689,test0689,test0689
student,test0690,test0690,test0690
student,test0691,test0691,test0691
student,test0692,test0692,test0692
student,test0693,test0693,test0693
student,test0694,test0694,test0694
student,test0695,test0695,test0695
student,test0696,test0696,test0696
student,test0697,test0697,test0697
student,test0698,test0698,test0698
student,test0699,test0699,test0699
student,test0700,test0700,test0700
student,test0701,test0701,test0701
student,test0702,test0702,test0702
student,test0703,test0703,test0703
student,test0704,test0704,test0704
student,test0705,test0705,test0705
student,test0706,test0706,test0706
student,test0707,test0707,test0707
student,test0708,test0708,test0708
student,test0709,test0709,test0709
student,test0710,test0710,test0710
student,test0711,test0711,test0711
student,test0712,test0712,test0712
student,test0713,test0713,test0713
student,test0714,test0714,test0714
student,test0715,test0715,test0715
student,test0716,test0716,test0716
student,test0717,test0717,test0717
student,test0718,test0718,test0718
student,test0719,test0719,test0719
student,test0720,test0720,test0720
student,test0721,test0721,test0721
student,test0722,test0722,test0722
student,test0723,test0723,test0723
student,test0724,test0724,test0724
student,test0725,test0725,test0725
student,test0726,test0726,test0726
student,test0727,test0727,test0727
student,test0728,test0728,test0728
student,test0729,test0729,test0729
student,test0730,test0730,test0730
student,test0731,test0731,test0731
student,test0732,test0732,test0732
student,test0733,test0733,test0733
student,test0734,test0734,test0734
student,test0735,test0735,test0735
student,test0736,test0736,test0736
student,test0737,test0737,test0737
student,test0738,test0738,test0738
student,test0739,test0739,test0739
student,test0740,test0740,test0740
student,test0741,test0741,test0741
student,test0742,test0742,test0742
student,test0743,test0743,test0743
student,test0744,test0744,test0744
student,test0745,test0745,test0745
student,test0746,test0746,test0746
student,test0747,test0747,test0747
student,test0748,test0748,test0748
student,test0749,test0749,test0749
student,test0750,test0750,test0750
student,test0751,test0751,test0751
student,test0752,test0752,test0752
student,test0753,test0753,test0753
student,test0754,test0754,test0754
student,test0755,test0755,test0755
student,test0756,test0756,test0756
student,test0757,test0757,test0757
student,test0758,test0758,test0758
student,test0759,test0759,test0759
student,test0760,test0760,test0760
student,test0761,test0761,test0761
student,test0762,test0762,test0762
student,test0763,test0763,test0763
student,test0764,test0764,test0764
student,test0765,test0765,test0765
student,test0766,test0766,test0766
student,test0767,test0767,test0767
student,test0768,test0768,test0768
student,test0769,test0769,test0769
student,test0770,test0770,test0770
student,test0771,test0771,test0771
student,test0772,test0772,test0772
student,test0773,test0773,test0773
student,test0774,test0774,test0774
student,test0775,test0775,test0775
student,test0776,test0776,test0776
student,test0777,test0777,test0777
student,test0778,test0778,test0778
student,test0779,test0779,test0779
student,test0780,test0780,test0780
student,test0781,test0781,test0781
student,test0782,test0782,test0782
student,test0783,test0783,test0783
student,test0784,test0784,test0784
student,test0785,test0785,test0785
student,test0786,test0786,test0786
student,test0787,test0787,test0787
student,test0788,test0788,test0788
student,test0789,test0789,test0789
student,test0790,test0790,test0790
student,test0791,test0791,test0791
student,test0792,test0792,test0792
student,test0793,test0793,test0793
student,test0794,test0794,test0794
student,test0795,test0795,test0795
student,test0796,test0796,test0796
student,test0797,test0797,test0797
student,test0798,test0798,test0798
student,test0799,test0799,test0799
student,test0800,test0800,test0800
student,test0801,test0801,test0801
student,test0802,test0802,test0802
student,test0803,test0803,test0803
student,test0804,test0804,test0804
student,test0805,test0805,test0805
student,test0806,test0806,test0806
student,test0807,test0807,test0807
student,test0808,test0808,test0808
student,test0809,test0809,test0809
student,test0810,test0810,test0810
student,test0811,test0811,test0811
student,test0812,test0812,test0812
student,test0813,test0813,test0813
student,test0814,test0814,test0814
student,test0815,test0815,test0815
student,test0816,test0816,test0816
student,test0817,test0817,test0817
student,test0818,test0818,test0818
student,test0819,test0819,test0819
student,test0820,test0820,test0820
student,test0821,test0821,test0821
student,test0822,test0822,test0822
student,test0823,test0823,test0823
student,test0824,test0824,test0824
student,test0825,test0825,test0825
student,test0826,test0826,test0826
student,test0827,test0827,test0827
student,test0828,test0828,test0828
student,test0829,test0829,test0829
student,test0830,test0830,test0830
student,test0831,test0831,test0831
student,test0832,test0832,test0832
student,test0833,test0833,test0833
student,test0834,test0834,test0834
student,test0835,test0835,test0835
student,test0836,test0836,test0836
student,test0837,test0837,test0837
student,test0838,test0838,test0838
student,test0839,test0839,test0839
student,test0840,test0840,test0840
student,test0841,test0841,test0841
student,test0842,test0842,test0842
student,test0843,test0843,test0843
student,test0844,test0844,test0844
student,test0845,test0845,test0845
student,test0846,test0846,test0846
student,test0847,test0847,test0847
student,test0848,test0848,test0848
student,test0849,test0849,test0849
student,test0850,test0850,test0850
student,test0851,test0851,test0851
student,test0852,test0852,test0852
student,test0853,test0853,test0853
student,test0854,test0854,test0854
student,test0855,test0855,test0855
student,test0856,test0856,test0856
student,test0857,test0857,test0857
student,test0858,test0858,test0858
student,test0859,test0859,test0859
student,test0860,test0860,test0860
student,test0861,test0861,test0861
student,test0862,test0862,test0862
student,test0863,test0863,test0863
student,test0864,test0864,test0864
student,test0865,test0865,test0865
student,test0866,test0866,test0866
student,test0867,test0867,test0867
student,test0868,test0868,test0868
student,test0869,test0869,test0869
student,test0870,test0870,test0870
student,test0871,test0871,test0871
student,test0872,test0872,test0872
student,test0873,test0873,test0873
student,test0874,test0874,test0874
student,test0875,test0875,test0875
student,test0876,test0876,test0876
student,test0877,test0877,test0877
student,test0878,test0878,test0878
student,test0879,test0879,test0879
student,test0880,test0880,test0880
student,test0881,test0881,test0881
student,test0882,test0882,test0882
student,test0883,test0883,test0883
student,test0884,test0884,test0884
student,test0885,test0885,test0885
student,test0886,test0886,test0886
student,test0887,test0887,test0887
student,test0888,test0888,test0888
student,test0889,test0889,test0889
student,test0890,test0890,test0890
student,test0891,test0891,test0891
student,test0892,test0892,test0892
student,test0893,test0893,test0893
student,test0894,test0894,test0894
student,test0895,test0895,test0895
student,test0896,test0896,test0896
student,test0897,test0897,test0897
student,test0898,test0898,test0898
student,test0899,test0899,test0899
student,test0900,test0900,test0900
student,test0901,test0901,test0901
student,test0902,test0902,test0902
student,test0903,test0903,test0903
student,test0904,test0904,test0904
student,test0905,test0905,test0905
student,test0906,test0906,test0906
student,test0907,test0907,test0907
student,test0908,test0908,test0908
student,test0909,test0909,test0909
student,test0910,test0910,test0910
student,test0911,test0911,test0911
student,test0912,test0912,test0912
student,test0913,test0913,test0913
student,test0914,test0914,test0914
student,test0915,test0915,test0915
student,test0916,test0916,test0916
student,test0917,test0917,test0917
student,test0918,test0918,test0918
student,test0919,test0919,test0919
student,test0920,test0920,test0920
student,test0921,test0921,test0921
student,test0922,test0922,test0922
student,test0923,test0923,test0923
student,test0924,test0924,test0924
student,test0925,test0925,test0925
student,test0926,test0926,test0926
student,test0927,test0927,test0927
student,test0928,test0928,test0928
student,test0929,test0929,test0929
student,test0930,test0930,test0930
student,test0931,test0931,test0931
student,test0932,test0932,test0932
student,test0933,test0933,test0933
student,test0934,test0934,test0934
student,test0935,test0935,test0935
student,test0936,test0936,test0936
student,test0937,test0937,test0937
student,test0938,test0938,test0938
student,test0939,test0939,test0939
student,test0940,test0940,test0940
student,test0941,test0941,test0941
student,test0942,test0942,test0942
student,test0943,test0943,test0943
student,test0944,test0944,test0944
student,test0945,test0945,test0945
student,test0946,test0946,test0946
student,test0947,test0947,test0947
student,test0948,test0948,test0948
student,test0949,test0949,test0949
student,test0950,test0950,test0950
student,test0951,test0951,test0951
student,test0952,test0952,test0952
student,test0953,test0953,test0953
student,test0954,test0954,test0954
student,test0955,test0955,test0955
student,test0956,test0956,test0956
student,test0957,test0957,test0957
student,test0958,test0958,test0958
student,test0959,test0959,test0959
student,test0960,test0960,test0960
student,test0961,test0961,test0961
student,test0962,test0962,test0962
student,test0963,test0963,test0963
student,test0964,test0964,test0964
student,test0965,test0965,test0965
student,test0966,test0966,test0966
student,test0967,test0967,test0967
student,test0968,test0968,test0968
student,test0969,test0969,test0969
student,test0970,test0970,test0970
student,test0971,test0971,test0971
student,test0972,test0972,test0972
student,test0973,test0973,test0973
student,test0974,test0974,test0974
student,test0975,test0975,test0975
student,test0976,test0976,test0976
student,test0977,test0977,test0977
student,test0978,test0978,test0978
student,test0979,test0979,test0979
student,test0980,test0980,test0980
student,test0981,test0981,test0981
student,test0982,test0982,test0982
student,test0983,test0983,test0983
student,test0984,test0984,test0984
student,test0985,test0985,test0985
student,test0986,test0986,test0986
student,test0987,test0987,test0987
student,test0988,test0988,test0988
student,test0989,test0989,test0989
student,test0990,test0990,test0990
student,test0991,test0991,test0991
student,test0992,test0992,test0992
student,test0993,test0993,test0993
student,test0994,test0994,test0994
student,test0995,test0995,test0995
student,test0996,test0996,test0996
student,test0997,test0997,test0997
student,test0998,test0998,test0998
student,test0999,test0999,test0999
student,test1000,test1000,test1000
